{
  "project_info": {
    "project_number": "886083505217",
    "firebase_url": "https://global-env-145104.firebaseio.com",
    "project_id": "global-env-145104",
    "storage_bucket": "global-env-145104.appspot.com"
  },
  "client": [
    {
      "client_info": {
        "mobilesdk_app_id": "1:886083505217:android:73fc14ac90c1edcaf0cac0",
        "android_client_info": {
          "package_name": "com.example.firebasedemo"
        }
      },
      "oauth_client": [
        {
          "client_id": "886083505217-nsqikuvc3ra1pgl46bnml3m3huk5mnc2.apps.googleusercontent.com",
          "client_type": 3
        }
      ],
      "api_key": [
        {
          "current_key": "AIzaSyCfdVfdJrlVUCVoI_LeKV_tfR5VLIohR_A"
        }
      ],
      "services": {
        "appinvite_service": {
          "other_platform_oauth_client": [
            {
              "client_id": "886083505217-nsqikuvc3ra1pgl46bnml3m3huk5mnc2.apps.googleusercontent.com",
              "client_type": 3
            }
          ]
        }
      }
    }
  ],
  "configuration_version": "1"
}